{
  "generatedAt": "2026-05-19T14:38:39.377Z",
  "groups": [
    {
      "scenarioId": "borderline-ac3-prunes",
      "mode": "with-ssa",
      "n": 30,
      "successRate": 1,
      "fitness": {
        "count": 30,
        "mean": 0.06666666666666667,
        "median": 0.06666666666666667,
        "stddev": 0,
        "min": 0.06666666666666667,
        "max": 0.06666666666666667
      },
      "hardViolations": {
        "count": 30,
        "mean": 0,
        "median": 0,
        "stddev": 0,
        "min": 0,
        "max": 0
      },
      "durations": {
        "total": {
          "count": 30,
          "mean": 4515.2,
          "median": 4518,
          "stddev": 55.21316268185815,
          "min": 4431,
          "max": 4655
        },
        "preGA": {
          "count": 30,
          "mean": 0,
          "median": 0,
          "stddev": 0,
          "min": 0,
          "max": 0
        },
        "ssa": {
          "count": 30,
          "mean": 0,
          "median": 0,
          "stddev": 0,
          "min": 0,
          "max": 0
        },
        "ga": {
          "count": 30,
          "mean": 4515.033333333334,
          "median": 4518,
          "stddev": 55.289832298131955,
          "min": 4430,
          "max": 4655
        }
      },
      "firstFeasibleGeneration": {
        "count": 30,
        "mean": 1,
        "median": 1,
        "stddev": 0,
        "min": 1,
        "max": 1,
        "nullCount": 0
      }
    },
    {
      "scenarioId": "borderline-ac3-prunes",
      "mode": "without-ssa",
      "n": 30,
      "successRate": 1,
      "fitness": {
        "count": 30,
        "mean": 0.06666666666666667,
        "median": 0.06666666666666667,
        "stddev": 0,
        "min": 0.06666666666666667,
        "max": 0.06666666666666667
      },
      "hardViolations": {
        "count": 30,
        "mean": 0,
        "median": 0,
        "stddev": 0,
        "min": 0,
        "max": 0
      },
      "durations": {
        "total": {
          "count": 30,
          "mean": 4540.533333333334,
          "median": 4525.5,
          "stddev": 63.47951550609763,
          "min": 4437,
          "max": 4671
        },
        "preGA": {
          "count": 30,
          "mean": 0,
          "median": 0,
          "stddev": 0,
          "min": 0,
          "max": 0
        },
        "ssa": {
          "count": 30,
          "mean": 0,
          "median": 0,
          "stddev": 0,
          "min": 0,
          "max": 0
        },
        "ga": {
          "count": 30,
          "mean": 4540.5,
          "median": 4525,
          "stddev": 63.48740032478886,
          "min": 4437,
          "max": 4671
        }
      },
      "firstFeasibleGeneration": {
        "count": 30,
        "mean": 1,
        "median": 1,
        "stddev": 0,
        "min": 1,
        "max": 1,
        "nullCount": 0
      }
    },
    {
      "scenarioId": "feasible-easy",
      "mode": "with-ssa",
      "n": 30,
      "successRate": 1,
      "fitness": {
        "count": 30,
        "mean": 0.06666666666666667,
        "median": 0.06666666666666667,
        "stddev": 0,
        "min": 0.06666666666666667,
        "max": 0.06666666666666667
      },
      "hardViolations": {
        "count": 30,
        "mean": 0,
        "median": 0,
        "stddev": 0,
        "min": 0,
        "max": 0
      },
      "durations": {
        "total": {
          "count": 30,
          "mean": 2150.5,
          "median": 2149,
          "stddev": 37.214468512484046,
          "min": 2087,
          "max": 2239
        },
        "preGA": {
          "count": 30,
          "mean": 0,
          "median": 0,
          "stddev": 0,
          "min": 0,
          "max": 0
        },
        "ssa": {
          "count": 30,
          "mean": 0.2,
          "median": 0,
          "stddev": 1.0770329614269005,
          "min": 0,
          "max": 6
        },
        "ga": {
          "count": 30,
          "mean": 2150.0333333333333,
          "median": 2148.5,
          "stddev": 37.54329352745825,
          "min": 2086,
          "max": 2239
        }
      },
      "firstFeasibleGeneration": {
        "count": 30,
        "mean": 1,
        "median": 1,
        "stddev": 0,
        "min": 1,
        "max": 1,
        "nullCount": 0
      }
    },
    {
      "scenarioId": "feasible-easy",
      "mode": "without-ssa",
      "n": 30,
      "successRate": 1,
      "fitness": {
        "count": 30,
        "mean": 0.06666666666666667,
        "median": 0.06666666666666667,
        "stddev": 0,
        "min": 0.06666666666666667,
        "max": 0.06666666666666667
      },
      "hardViolations": {
        "count": 30,
        "mean": 0,
        "median": 0,
        "stddev": 0,
        "min": 0,
        "max": 0
      },
      "durations": {
        "total": {
          "count": 30,
          "mean": 2191.8333333333335,
          "median": 2192,
          "stddev": 28.600796414707677,
          "min": 2133,
          "max": 2255
        },
        "preGA": {
          "count": 30,
          "mean": 0,
          "median": 0,
          "stddev": 0,
          "min": 0,
          "max": 0
        },
        "ssa": {
          "count": 30,
          "mean": 0,
          "median": 0,
          "stddev": 0,
          "min": 0,
          "max": 0
        },
        "ga": {
          "count": 30,
          "mean": 2191.733333333333,
          "median": 2192,
          "stddev": 28.623921619667854,
          "min": 2133,
          "max": 2255
        }
      },
      "firstFeasibleGeneration": {
        "count": 30,
        "mean": 1,
        "median": 1,
        "stddev": 0,
        "min": 1,
        "max": 1,
        "nullCount": 0
      }
    },
    {
      "scenarioId": "feasible-tight",
      "mode": "with-ssa",
      "n": 30,
      "successRate": 1,
      "fitness": {
        "count": 30,
        "mean": 0.06666666666666667,
        "median": 0.06666666666666667,
        "stddev": 0,
        "min": 0.06666666666666667,
        "max": 0.06666666666666667
      },
      "hardViolations": {
        "count": 30,
        "mean": 0,
        "median": 0,
        "stddev": 0,
        "min": 0,
        "max": 0
      },
      "durations": {
        "total": {
          "count": 30,
          "mean": 2228.633333333333,
          "median": 2221.5,
          "stddev": 25.4512387823374,
          "min": 2195,
          "max": 2293
        },
        "preGA": {
          "count": 30,
          "mean": 0,
          "median": 0,
          "stddev": 0,
          "min": 0,
          "max": 0
        },
        "ssa": {
          "count": 30,
          "mean": 0,
          "median": 0,
          "stddev": 0,
          "min": 0,
          "max": 0
        },
        "ga": {
          "count": 30,
          "mean": 2228.3,
          "median": 2221.5,
          "stddev": 25.480907885447618,
          "min": 2194,
          "max": 2293
        }
      },
      "firstFeasibleGeneration": {
        "count": 30,
        "mean": 1,
        "median": 1,
        "stddev": 0,
        "min": 1,
        "max": 1,
        "nullCount": 0
      }
    },
    {
      "scenarioId": "feasible-tight",
      "mode": "without-ssa",
      "n": 30,
      "successRate": 1,
      "fitness": {
        "count": 30,
        "mean": 0.06666666666666667,
        "median": 0.06666666666666667,
        "stddev": 0,
        "min": 0.06666666666666667,
        "max": 0.06666666666666667
      },
      "hardViolations": {
        "count": 30,
        "mean": 0,
        "median": 0,
        "stddev": 0,
        "min": 0,
        "max": 0
      },
      "durations": {
        "total": {
          "count": 30,
          "mean": 2222.1666666666665,
          "median": 2218.5,
          "stddev": 23.07680413074759,
          "min": 2191,
          "max": 2273
        },
        "preGA": {
          "count": 30,
          "mean": 0,
          "median": 0,
          "stddev": 0,
          "min": 0,
          "max": 0
        },