{
  "generatedAt": "2026-05-19T12:21:33.438Z",
  "groups": [
    {
      "scenarioId": "borderline-ac3-prunes",
      "mode": "with-ssa",
      "n": 3,
      "successRate": 1,
      "fitness": {
        "count": 3,
        "mean": 0.06666666666666667,
        "median": 0.06666666666666667,
        "stddev": 0,
        "min": 0.06666666666666667,
        "max": 0.06666666666666667
      },
      "hardViolations": {
        "count": 3,
        "mean": 0,
        "median": 0,
        "stddev": 0,
        "min": 0,
        "max": 0
      },
      "durations": {
        "total": {
          "count": 3,
          "mean": 17627.333333333332,
          "median": 17627,
          "stddev": 4.4969125210773475,
          "min": 17622,
          "max": 17633
        },
        "preGA": {
          "count": 3,
          "mean": 0,
          "median": 0,
          "stddev": 0,
          "min": 0,
          "max": 0
        },
        "ssa": {
          "count": 3,
          "mean": 0,
          "median": 0,
          "stddev": 0,
          "min": 0,
          "max": 0
        },
        "ga": {
          "count": 3,
          "mean": 17626.666666666668,
          "median": 17627,
          "stddev": 4.4969125210773475,
          "min": 17621,
          "max": 17632
        }
      },
      "firstFeasibleGeneration": {
        "count": 3,
        "mean": 1,
        "median": 1,
        "stddev": 0,
        "min": 1,
        "max": 1,
        "nullCount": 0
      }
    },
    {
      "scenarioId": "borderline-ac3-prunes",
      "mode": "without-ssa",
      "n": 3,
      "successRate": 1,
      "fitness": {
        "count": 3,
        "mean": 0.06666666666666667,
        "median": 0.06666666666666667,
        "stddev": 0,
        "min": 0.06666666666666667,
        "max": 0.06666666666666667
      },
      "hardViolations": {
        "count": 3,
        "mean": 0,
        "median": 0,
        "stddev": 0,
        "min": 0,
        "max": 0
      },
      "durations": {
        "total": {
          "count": 3,
          "mean": 11833,
          "median": 8942,
          "stddev": 4090.612912510789,
          "min": 8939,
          "max": 17618
        },
        "preGA": {
          "count": 3,
          "mean": 0,
          "median": 0,
          "stddev": 0,
          "min": 0,
          "max": 0
        },
        "ssa": {
          "count": 3,
          "mean": 0,
          "median": 0,
          "stddev": 0,
          "min": 0,
          "max": 0
        },
        "ga": {
          "count": 3,
          "mean": 11833,
          "median": 8942,
          "stddev": 4090.612912510789,
          "min": 8939,
          "max": 17618
        }
      },
      "firstFeasibleGeneration": {
        "count": 3,
        "mean": 1,
        "median": 1,
        "stddev": 0,
        "min": 1,
        "max": 1,
        "nullCount": 0
      }
    },
    {
      "scenarioId": "feasible-easy",
      "mode": "with-ssa",
      "n": 3,
      "successRate": 1,
      "fitness": {
        "count": 3,
        "mean": 0.06666666666666667,
        "median": 0.06666666666666667,
        "stddev": 0,
        "min": 0.06666666666666667,
        "max": 0.06666666666666667
      },
      "hardViolations": {
        "count": 3,
        "mean": 0,
        "median": 0,
        "stddev": 0,
        "min": 0,
        "max": 0
      },
      "durations": {
        "total": {
          "count": 3,
          "mean": 8732,
          "median": 8728,
          "stddev": 9.41629792788369,
          "min": 8723,
          "max": 8745
        },
        "preGA": {
          "count": 3,
          "mean": 0,
          "median": 0,
          "stddev": 0,
          "min": 0,
          "max": 0
        },
        "ssa": {
          "count": 3,
          "mean": 2,
          "median": 0,
          "stddev": 2.8284271247461903,
          "min": 0,
          "max": 6
        },
        "ga": {
          "count": 3,
          "mean": 8729.333333333334,
          "median": 8728,
          "stddev": 6.599663291074443,
          "min": 8722,
          "max": 8738
        }
      },
      "firstFeasibleGeneration": {
        "count": 3,
        "mean": 1,
        "median": 1,
        "stddev": 0,
        "min": 1,
        "max": 1,
        "nullCount": 0
      }
    },
    {
      "scenarioId": "feasible-easy",
      "mode": "without-ssa",
      "n": 3,
      "successRate": 1,
      "fitness": {
        "count": 3,
        "mean": 0.06666666666666667,
        "median": 0.06666666666666667,
        "stddev": 0,
        "min": 0.06666666666666667,
        "max": 0.06666666666666667
      },
      "hardViolations": {
        "count": 3,
        "mean": 0,
        "median": 0,
        "stddev": 0,
        "min": 0,
        "max": 0
      },
      "durations": {
        "total": {
          "count": 3,
          "mean": 8724.666666666666,
          "median": 8725,
          "stddev": 4.496912521077347,
          "min": 8719,
          "max": 8730
        },
        "preGA": {
          "count": 3,
          "mean": 0,
          "median": 0,
          "stddev": 0,
          "min": 0,
          "max": 0
        },
        "ssa": {
          "count": 3,
          "mean": 0,
          "median": 0,
          "stddev": 0,
          "min": 0,
          "max": 0
        },
        "ga": {
          "count": 3,
          "mean": 8724.666666666666,
          "median": 8725,
          "stddev": 4.496912521077347,
          "min": 8719,
          "max": 8730
        }
      },
      "firstFeasibleGeneration": {
        "count": 3,
        "mean": 1,
        "median": 1,
        "stddev": 0,
        "min": 1,
        "max": 1,
        "nullCount": 0
      }
    },
    {
      "scenarioId": "feasible-tight",
      "mode": "with-ssa",
      "n": 3,
      "successRate": 1,
      "fitness": {
        "count": 3,
        "mean": 0.06666666666666667,
        "median": 0.06666666666666667,
        "stddev": 0,
        "min": 0.06666666666666667,
        "max": 0.06666666666666667
      },
      "hardViolations": {
        "count": 3,
        "mean": 0,
        "median": 0,
        "stddev": 0,
        "min": 0,
        "max": 0
      },
      "durations": {
        "total": {
          "count": 3,
          "mean": 8771,
          "median": 8739,
          "stddev": 47.391982444291145,
          "min": 8736,
          "max": 8838
        },
        "preGA": {
          "count": 3,
          "mean": 0,
          "median": 0,
          "stddev": 0,
          "min": 0,
          "max": 0
        },
        "ssa": {
          "count": 3,
          "mean": 0,
          "median": 0,
          "stddev": 0,
          "min": 0,
          "max": 0
        },
        "ga": {
          "count": 3,
          "mean": 8770.333333333334,
          "median": 8738,
          "stddev": 47.86323107447813,
          "min": 8735,
          "max": 8838
        }
      },
      "firstFeasibleGeneration": {
        "count": 3,
        "mean": 1,
        "median": 1,
        "stddev": 0,
        "min": 1,
        "max": 1,
        "nullCount": 0
      }
    },
    {
      "scenarioId": "feasible-tight",
      "mode": "without-ssa",
      "n": 3,
      "successRate": 1,
      "fitness": {
        "count": 3,
        "mean": 0.06666666666666667,
        "median": 0.06666666666666667,
        "stddev": 0,
        "min": 0.06666666666666667,
        "max": 0.06666666666666667
      },
      "hardViolations": {
        "count": 3,
        "mean": 0,
        "median": 0,
        "stddev": 0,
        "min": 0,
        "max": 0
      },
      "durations": {
        "total": {
          "count": 3,
          "mean": 8833,
          "median": 8833,
          "stddev": 2.449489742783178,
          "min": 8830,
          "max": 8836
        },
        "preGA": {
          "count": 3,
          "mean": 0,
          "median": 0,
          "stddev": 0,
          "min": 0,
          "max": 0
        },
        "ssa": {
          "count": 3,
          "mean": 0,
          "median": 0,